[
  {"name": "Fries", "portion" : "150g", "drink": {"name": "Water","ml" : "300", "alc_vol" : "0%", "price" :  "5"}, "price": "10", "duration": "15"},
  {"name": "Chicken nuggets", "portion" : "250g" ,"drink": {"name": "Fanta","ml" : "300", "alc_vol" : "0%", "price" :  "7"}, "price": "20", "duration": "30"},
  {"name": "Mamaliga", "portion" : "350g", "drink": {"name": "Beer","ml" : "500", "alc_vol" : "5%", "price" :  "10"}, "price": "300", "duration": "20"},
  {"name": "Hamburger", "portion" : "300g", "drink": {"name": "Cola","ml" : "350", "alc_vol" : "0%", "price" :  "7"}, "price": "30", "duration": "20"}
]